Country,Year,AverageTemperature
Algeria,1787,27.199416666666668
Algeria,1788,31.156833333333335
Algeria,1789,22.421833333333336
Algeria,1790,22.915666666666667
Algeria,1791,23.129583333333333
Algeria,1792,22.90716666666667
Algeria,1793,22.737250000000003
Algeria,1794,22.781750000000002
Algeria,1795,23.539083333333334
Algeria,1796,22.988
Algeria,1797,22.795166666666663
Algeria,1798,23.183166666666665
Algeria,1799,23.230583333333332
Algeria,1800,23.335583333333332
Algeria,1801,23.31866666666667
Algeria,1802,23.479416666666665
Algeria,1803,22.75016666666667
Algeria,1804,23.54525
Algeria,1805,23.043916666666664
Algeria,1806,22.875083333333336
Algeria,1807,22.82541666666667
Algeria,1808,22.140083333333333
Algeria,1809,21.742500000000003
Algeria,1810,21.656583333333334
Algeria,1811,21.881500000000003
Algeria,1812,21.697833333333335
Algeria,1813,22.235916666666668
Algeria,1814,21.921833333333336
Algeria,1815,22.126499999999997
Algeria,1816,21.679666666666666
Algeria,1817,22.32383333333333
Algeria,1818,22.83141666666667
Algeria,1819,22.246583333333334
Algeria,1820,22.389916666666664
Algeria,1821,22.67725
Algeria,1822,22.854250000000004
Algeria,1823,22.461833333333335
Algeria,1824,22.92125
Algeria,1825,22.809583333333336
Algeria,1826,22.73466666666667
Algeria,1827,22.893083333333333
Algeria,1828,22.90025
Algeria,1829,22.67975
Algeria,1830,23.038749999999997
Algeria,1831,22.678083333333333
Algeria,1832,22.49475
Algeria,1833,22.59691666666667
Algeria,1834,22.904583333333335
Algeria,1835,22.084500000000002
Algeria,1836,22.35841666666667
Algeria,1837,22.244500000000002
Algeria,1838,22.602999999999998
Algeria,1839,22.437166666666666
Algeria,1840,22.734583333333333
Algeria,1841,22.58875
Algeria,1842,22.814083333333333
Algeria,1843,22.841083333333334
Algeria,1844,22.591583333333332
Algeria,1845,22.501166666666666
Algeria,1846,23.227333333333334
Algeria,1847,22.68025
Algeria,1848,22.383416666666665
Algeria,1849,22.70425
Algeria,1850,22.587333333333333
Algeria,1851,22.733333333333334
Algeria,1852,22.856583333333333
Algeria,1853,22.770583333333335
Algeria,1854,22.481166666666667
Algeria,1855,22.660083333333333
Algeria,1856,22.58
Algeria,1857,22.37325
Algeria,1858,23.032333333333337
Algeria,1859,22.663833333333333
Algeria,1860,22.49383333333334
Algeria,1861,22.560083333333335
Algeria,1862,22.736500000000003
Algeria,1863,22.441166666666664
Algeria,1864,23.012249999999998
Algeria,1865,22.848833333333335
Algeria,1866,22.925749999999997
Algeria,1867,23.35025
Algeria,1868,22.50691666666667
Algeria,1869,22.775000000000002
Algeria,1870,22.867250000000002
Algeria,1871,22.747666666666664
Algeria,1872,22.795333333333332
Algeria,1873,22.79433333333333
Algeria,1874,22.723249999999997
Algeria,1875,22.554916666666667
Algeria,1876,22.85241666666667
Algeria,1877,22.9615
Algeria,1878,23.54816666666667
Algeria,1879,22.68766666666667
Algeria,1880,22.593999999999998
Algeria,1881,23.46166666666667
Algeria,1882,22.586250000000003
Algeria,1883,22.470916666666668
Algeria,1884,22.081
Algeria,1885,22.20625
Algeria,1886,22.272000000000002
Algeria,1887,22.630416666666665
Algeria,1888,22.509500000000003
Algeria,1889,22.348833333333335
Algeria,1890,21.918083333333332
Algeria,1891,22.246
Algeria,1892,22.860583333333334
Algeria,1893,23.08758333333334
Algeria,1894,22.665166666666668
Algeria,1895,23.513833333333338
Algeria,1896,22.199916666666667
Algeria,1897,23.20658333333333
Algeria,1898,22.82466666666667
Algeria,1899,23.379500000000004
Algeria,1900,22.864166666666666
Algeria,1901,22.726416666666665
Algeria,1902,23.05241666666667
Algeria,1903,22.555666666666667
Algeria,1904,22.682333333333332
Algeria,1905,22.560083333333335
Algeria,1906,22.46858333333333
Algeria,1907,22.171583333333334
Algeria,1908,22.829583333333332
Algeria,1909,22.569833333333335
Algeria,1910,22.676916666666667
Algeria,1911,22.57466666666667
Algeria,1912,22.86675
Algeria,1913,23.079250000000002
Algeria,1914,23.043166666666668
Algeria,1915,22.821166666666667
Algeria,1916,22.643
Algeria,1917,22.461166666666667
Algeria,1918,22.41125
Algeria,1919,22.773333333333337
Algeria,1920,23.094333333333335
Algeria,1921,22.723583333333334
Algeria,1922,22.9345
Algeria,1923,22.43575
Algeria,1924,23.418083333333332
Algeria,1925,22.726583333333334
Algeria,1926,23.50166666666667
Algeria,1927,23.335416666666664
Algeria,1928,23.115416666666665
Algeria,1929,22.672083333333333
Algeria,1930,23.4545
Algeria,1931,23.86583333333333
Algeria,1932,23.61691666666667
Algeria,1933,23.168499999999998
Algeria,1934,22.74466666666667
Algeria,1935,22.919750000000004
Algeria,1936,22.940916666666666
Algeria,1937,23.727500000000003
Algeria,1938,22.727666666666664
Algeria,1939,22.84141666666667
Algeria,1940,23.005916666666668
Algeria,1941,23.443416666666668
Algeria,1942,23.610166666666668
Algeria,1943,23.03333333333333
Algeria,1944,22.934166666666666
Algeria,1945,23.3655
Algeria,1946,23.25425
Algeria,1947,23.690166666666666
Algeria,1948,23.07133333333333
Algeria,1949,23.18816666666667
Algeria,1950,22.781833333333335
Algeria,1951,23.32166666666667
Algeria,1952,23.18541666666667
Algeria,1953,22.869416666666666
Algeria,1954,22.652416666666667
Algeria,1955,24.004833333333334
Algeria,1956,22.611333333333334
Algeria,1957,22.62025
Algeria,1958,23.544916666666666
Algeria,1959,23.33366666666667
Algeria,1960,23.504083333333337
Algeria,1961,23.39033333333333
Algeria,1962,23.18241666666667
Algeria,1963,23.317833333333336
Algeria,1964,23.147499999999997
Algeria,1965,22.97375
Algeria,1966,23.301333333333332
Algeria,1967,22.861666666666668
Algeria,1968,23.185916666666667
Algeria,1969,23.458250000000003
Algeria,1970,23.322833333333335
Algeria,1971,22.672250000000002
Algeria,1972,22.698166666666665
Algeria,1973,22.886166666666668
Algeria,1974,22.541
Algeria,1975,22.71641666666667
Algeria,1976,22.35675
Algeria,1977,23.546083333333332
Algeria,1978,23.161833333333334
Algeria,1979,23.396833333333333
Algeria,1980,23.16016666666667
Algeria,1981,23.579250000000002
Algeria,1982,23.094166666666666
Algeria,1983,23.683000000000003
Algeria,1984,23.063083333333335
Algeria,1985,23.52625
Algeria,1986,23.25666666666667
Algeria,1987,24.24775
Algeria,1988,23.81566666666667
Algeria,1989,23.724333333333334
Algeria,1990,24.014416666666666
Algeria,1991,23.011083333333332
Algeria,1992,22.767
Algeria,1993,23.450833333333335
Algeria,1994,23.642083333333336
Algeria,1995,23.7225
Algeria,1996,23.734333333333336
Algeria,1997,23.955166666666667
Algeria,1998,23.920583333333337
Algeria,1999,24.29941666666667
Algeria,2000,24.03225
Algeria,2001,24.72441666666667
Algeria,2002,24.263
Algeria,2003,24.393666666666665
Algeria,2004,23.916
Algeria,2005,24.222583333333333
Algeria,2006,24.200833333333335
Algeria,2007,24.06533333333333
Algeria,2008,23.95025
Algeria,2009,24.154333333333337
Algeria,2010,25.215666666666667
Algeria,2011,24.144166666666667
Algeria,2012,23.95483333333333
Algeria,2013,26.02288888888889
Burkina Faso,1849,27.5385
Burkina Faso,1850,27.491
Burkina Faso,1851,27.708250000000003
Burkina Faso,1852,25.26
Burkina Faso,1853,25.26
Burkina Faso,1854,25.26
Burkina Faso,1855,25.26
Burkina Faso,1856,27.453500000000002
Burkina Faso,1857,26.982833333333332
Burkina Faso,1858,27.473416666666665
Burkina Faso,1859,27.882083333333338
Burkina Faso,1860,27.58475
Burkina Faso,1861,27.443916666666667
Burkina Faso,1862,27.182666666666666
Burkina Faso,1863,27.48466666666667
Burkina Faso,1864,27.608249999999998
Burkina Faso,1865,28.45016666666667
Burkina Faso,1866,27.717
Burkina Faso,1867,27.717
Burkina Faso,1868,27.557833333333335
Burkina Faso,1869,27.38891666666667
Burkina Faso,1870,27.40941666666667
Burkina Faso,1871,24.425
Burkina Faso,1872,24.425
Burkina Faso,1873,27.536416666666668
Burkina Faso,1874,27.616416666666666
Burkina Faso,1875,27.206666666666667
Burkina Faso,1876,27.309583333333336
Burkina Faso,1877,27.82625
Burkina Faso,1878,28.014333333333337
Burkina Faso,1879,27.450833333333335
Burkina Faso,1880,27.71558333333333
Burkina Faso,1881,28.1575
Burkina Faso,1882,27.64816666666667
Burkina Faso,1883,28.116583333333335
Burkina Faso,1884,27.8055
Burkina Faso,1885,26.566666666666666
Burkina Faso,1886,27.330916666666667
Burkina Faso,1887,27.070333333333334
Burkina Faso,1888,27.103416666666664
Burkina Faso,1889,27.066833333333335
Burkina Faso,1890,26.730999999999998
Burkina Faso,1891,27.113916666666668
Burkina Faso,1892,27.315
Burkina Faso,1893,27.47491666666667
Burkina Faso,1894,27.188166666666664
Burkina Faso,1895,27.641333333333336
Burkina Faso,1896,27.403499999999998
Burkina Faso,1897,27.873
Burkina Faso,1898,27.535083333333336
Burkina Faso,1899,28.01825
Burkina Faso,1900,27.98075
Burkina Faso,1901,27.779083333333332
Burkina Faso,1902,27.863083333333336
Burkina Faso,1903,27.376833333333334
Burkina Faso,1904,27.0795
Burkina Faso,1905,27.477833333333336
Burkina Faso,1906,27.823666666666668
Burkina Faso,1907,27.230583333333332
Burkina Faso,1908,27.592583333333334
Burkina Faso,1909,27.34975
Burkina Faso,1910,28.09241666666667
Burkina Faso,1911,27.24175
Burkina Faso,1912,28.240416666666665
Burkina Faso,1913,28.436166666666665
Burkina Faso,1914,28.410750000000004
Burkina Faso,1915,28.248166666666666
Burkina Faso,1916,27.752583333333334
Burkina Faso,1917,28.045333333333332
Burkina Faso,1918,27.875
Burkina Faso,1919,28.30916666666667
Burkina Faso,1920,28.106666666666666
Burkina Faso,1921,28.120500000000003
Burkina Faso,1922,28.22675
Burkina Faso,1923,28.113333333333333
Burkina Faso,1924,28.281750000000002
Burkina Faso,1925,28.29416666666667
Burkina Faso,1926,28.539
Burkina Faso,1927,27.84975
Burkina Faso,1928,28.017
Burkina Faso,1929,28.089166666666667
Burkina Faso,1930,28.37875
Burkina Faso,1931,28.65716666666667
Burkina Faso,1932,28.3755
Burkina Faso,1933,28.18075
Burkina Faso,1934,28.0055
Burkina Faso,1935,28.144000000000002
Burkina Faso,1936,27.983500000000003
Burkina Faso,1937,28.612333333333336
Burkina Faso,1938,28.53216666666667
Burkina Faso,1939,28.0975
Burkina Faso,1940,28.6155
Burkina Faso,1941,28.771916666666666
Burkina Faso,1942,28.467416666666665
Burkina Faso,1943,28.06025
Burkina Faso,1944,28.551916666666667
Burkina Faso,1945,28.13491666666667
Burkina Faso,1946,28.084833333333336
Burkina Faso,1947,28.71525
Burkina Faso,1948,28.110166666666668
Burkina Faso,1949,28.59675
Burkina Faso,1950,27.77175
Burkina Faso,1951,28.24716666666667
Burkina Faso,1952,27.98
Burkina Faso,1953,27.999916666666667
Burkina Faso,1954,27.908
Burkina Faso,1955,27.81941666666667
Burkina Faso,1956,27.97758333333333
Burkina Faso,1957,27.950083333333335
Burkina Faso,1958,28.492083333333337
Burkina Faso,1959,28.380583333333334
Burkina Faso,1960,28.132083333333338
Burkina Faso,1961,27.8175
Burkina Faso,1962,27.97475
Burkina Faso,1963,28.361
Burkina Faso,1964,28.023833333333332
Burkina Faso,1965,27.891750000000002
Burkina Faso,1966,28.203000000000003
Burkina Faso,1967,27.91841666666667
Burkina Faso,1968,28.12291666666667
Burkina Faso,1969,28.732583333333334
Burkina Faso,1970,28.50091666666667
Burkina Faso,1971,28.2285
Burkina Faso,1972,28.332583333333332
Burkina Faso,1973,28.820166666666665
Burkina Faso,1974,28.016166666666667
Burkina Faso,1975,27.903166666666667
Burkina Faso,1976,27.770833333333332
Burkina Faso,1977,28.34958333333333
Burkina Faso,1978,28.445666666666668
Burkina Faso,1979,28.482333333333333
Burkina Faso,1980,28.766833333333334
Burkina Faso,1981,28.4055
Burkina Faso,1982,28.092833333333335
Burkina Faso,1983,28.715083333333336
Burkina Faso,1984,28.628666666666664
Burkina Faso,1985,28.436833333333336
Burkina Faso,1986,28.297833333333333
Burkina Faso,1987,29.163833333333333
Burkina Faso,1988,28.43575
Burkina Faso,1989,28.19825
Burkina Faso,1990,28.80633333333333
Burkina Faso,1991,28.459416666666666
Burkina Faso,1992,28.132
Burkina Faso,1993,28.621083333333335
Burkina Faso,1994,28.03933333333333
Burkina Faso,1995,28.469583333333333
Burkina Faso,1996,28.73908333333333
Burkina Faso,1997,28.569166666666664
Burkina Faso,1998,28.99291666666667
Burkina Faso,1999,28.451166666666666
Burkina Faso,2000,28.59141666666667
Burkina Faso,2001,28.732166666666668
Burkina Faso,2002,28.978166666666667
Burkina Faso,2003,28.883499999999998
Burkina Faso,2004,28.989166666666666
Burkina Faso,2005,29.238333333333333
Burkina Faso,2006,28.92025
Burkina Faso,2007,28.983249999999998
Burkina Faso,2008,28.489583333333332
Burkina Faso,2009,29.083
Burkina Faso,2010,29.288750000000004
Burkina Faso,2011,29.060666666666666
Burkina Faso,2012,28.63
Burkina Faso,2013,29.054
China,1820,5.013599999999999
China,1821,6.284166666666667
China,1822,6.341416666666667
China,1823,6.3065
China,1824,-1.59
China,1825,-1.59
China,1826,-1.59
China,1827,-1.59
China,1828,-1.59
China,1829,-1.59
China,1830,-1.59
China,1831,-1.59
China,1832,-1.59
China,1833,6.039333333333334
China,1834,6.268166666666667
China,1835,5.43425
China,1836,5.494500000000001
China,1837,0.9084166666666667
China,1838,5.715
China,1839,5.519083333333334
China,1840,6.018583333333333
China,1841,5.512416666666667
China,1842,6.2785
China,1843,6.413916666666666
China,1844,6.0515
China,1845,6.023000000000001
China,1846,6.5874999999999995
China,1847,6.257083333333333
China,1848,5.93975
China,1849,6.1048333333333344
China,1850,5.907166666666666
China,1851,5.7828333333333335
China,1852,5.857500000000001
China,1853,5.997583333333334
China,1854,6.473083333333332
China,1855,6.515583333333333
China,1856,6.095583333333334
China,1857,5.959666666666667
China,1858,6.414083333333333
China,1859,6.535166666666666
China,1860,5.609333333333333
China,1861,5.865166666666667
China,1862,5.448083333333333
China,1863,6.444583333333333
China,1864,5.8015
China,1865,6.244
China,1866,6.410416666666666
China,1867,6.759166666666666
China,1868,6.415500000000001
China,1869,6.465833333333333
China,1870,6.158999999999999
China,1871,6.371583333333334
China,1872,6.286333333333334
China,1873,6.588166666666667
China,1874,6.6451666666666656
China,1875,6.505
China,1876,6.347416666666667
China,1877,6.181583333333333
China,1878,6.414416666666667
China,1879,6.667416666666667
China,1880,6.383500000000001
China,1881,6.352833333333333
China,1882,6.39825
China,1883,6.026916666666666
China,1884,5.804833333333334
China,1885,5.9645
China,1886,6.114750000000001
China,1887,6.197166666666668
China,1888,6.336416666666666
China,1889,6.31175
China,1890,6.464333333333333
China,1891,6.359333333333333
China,1892,6.060833333333334
China,1893,6.108333333333333
China,1894,6.57825
China,1895,6.035833333333334
China,1896,6.38625
China,1897,6.228083333333334
China,1898,6.562666666666666
China,1899,6.603416666666667
China,1900,6.444166666666667
China,1901,6.5375000000000005
China,1902,6.744666666666666
China,1903,6.1745833333333335
China,1904,6.350833333333334
China,1905,5.7555000000000005
China,1906,6.2218333333333335
China,1907,6.308666666666666
China,1908,6.286583333333333
China,1909,6.3812500000000005
China,1910,6.0715
China,1911,6.297000000000001
China,1912,6.076083333333333
China,1913,6.138416666666667
China,1914,6.8187500000000005
China,1915,6.49275
China,1916,6.349833333333333
China,1917,6.161416666666667
China,1918,6.196833333333333
China,1919,6.607
China,1920,6.590333333333334
China,1921,6.50075
China,1922,6.677333333333333
China,1923,6.563666666666666
China,1924,6.704250000000001
China,1925,6.555666666666667
China,1926,6.754083333333334
China,1927,6.667749999999999
China,1928,6.7746666666666675
China,1929,6.424083333333333
China,1930,6.468666666666667
China,1931,6.3775
China,1932,6.9055833333333325
China,1933,6.6299166666666665
China,1934,6.362833333333334
China,1935,6.636166666666667
China,1936,6.111583333333333
China,1937,6.511083333333333
China,1938,6.87175
China,1939,7.0264999999999995
China,1940,6.961666666666666
China,1941,7.3455
China,1942,7.096
China,1943,7.050916666666667
China,1944,6.5305
China,1945,6.8388333333333335
China,1946,7.354083333333333
China,1947,6.773833333333333
China,1948,7.1003333333333325
China,1949,6.9755
China,1950,6.641166666666667
China,1951,6.8694999999999995
China,1952,6.640916666666667
China,1953,7.022333333333333
China,1954,6.3709999999999996
China,1955,6.701666666666667
China,1956,6.299333333333333
China,1957,6.388000000000001
China,1958,7.033583333333333
China,1959,7.039666666666666
China,1960,6.890916666666667
China,1961,7.050583333333333
China,1962,6.703666666666667
China,1963,7.052499999999999
China,1964,6.746083333333334
China,1965,6.799916666666667
China,1966,6.962
China,1967,6.402583333333333
China,1968,6.727
China,1969,6.4559999999999995
China,1970,6.5681666666666665
China,1971,6.84625
China,1972,6.814416666666667
China,1973,7.209583333333334
China,1974,6.659416666666666
China,1975,7.1009166666666665
China,1976,6.471166666666666
China,1977,6.851333333333334
China,1978,7.048166666666667
China,1979,7.074083333333333
China,1980,6.950083333333333
China,1981,6.926416666666667
China,1982,7.14975
China,1983,6.925083333333334
China,1984,6.5179166666666655
China,1985,6.7402500000000005
China,1986,6.870166666666666
China,1987,7.249
China,1988,7.220833333333332
China,1989,7.23975
China,1990,7.636
China,1991,7.097166666666666
China,1992,6.858416666666667
China,1993,6.919416666666667
China,1994,7.4959999999999996
China,1995,7.2115833333333335
China,1996,6.962666666666667
China,1997,7.367333333333334
China,1998,8.051833333333333
China,1999,7.84025
China,2000,7.238083333333333
China,2001,7.596416666666666
China,2002,7.7956666666666665
China,2003,7.521999999999999
China,2004,7.71275
China,2005,7.4135
China,2006,7.948
China,2007,8.12675
China,2008,7.566083333333334
China,2009,7.8095
China,2010,7.548416666666667
China,2011,7.357083333333333
China,2012,7.077083333333333
China,2013,10.481222222222222
France,1743,10.203
France,1744,13.189333333333332
France,1745,10.43125
France,1746,11.672000000000002
France,1747,11.672000000000002
France,1748,11.672000000000002
France,1749,11.672000000000002
France,1750,13.141333333333334
France,1751,13.78175
France,1752,10.16075
France,1753,12.771833333333333
France,1754,12.66625
France,1755,12.343499999999999
France,1756,12.711
France,1757,12.521583333333334
France,1758,11.737333333333334
France,1759,12.8395
France,1760,12.593166666666667
France,1761,12.913166666666667
France,1762,12.623
France,1763,12.2055
France,1764,12.773083333333332
France,1765,12.673166666666667
France,1766,12.563416666666667
France,1767,12.536166666666666
France,1768,12.209833333333334
France,1769,12.529916666666667
France,1770,12.378750000000002
France,1771,12.620833333333335
France,1772,13.489166666666668
France,1773,12.646749999999999
France,1774,12.877916666666666
France,1775,13.273833333333334
France,1776,12.668833333333334
France,1777,12.52775
France,1778,13.070750000000002
France,1779,13.423083333333333
France,1780,13.231916666666669
France,1781,13.471333333333334
France,1782,12.048916666666669
France,1783,13.055333333333332
France,1784,12.140833333333333
France,1785,12.048583333333333
France,1786,12.347583333333333
France,1787,12.880916666666666
France,1788,13.013166666666669
France,1789,12.286166666666666
France,1790,12.961333333333334
France,1791,13.076083333333335
France,1792,12.88825
France,1793,12.945083333333335
France,1794,13.252666666666668
France,1795,12.755
France,1796,12.69
France,1797,12.860583333333333
France,1798,12.91675
France,1799,11.889083333333334
France,1800,12.996166666666667
France,1801,13.109083333333333
France,1802,13.119083333333334
France,1803,12.61625
France,1804,13.092666666666666
France,1805,11.886833333333334
France,1806,13.272833333333333
France,1807,12.630333333333333
France,1808,11.78975
France,1809,12.0225
France,1810,12.032583333333333
France,1811,12.951500000000001
France,1812,11.558583333333333
France,1813,12.11275
France,1814,11.628250000000001
France,1815,12.26775
France,1816,11.287916666666666
France,1817,12.312
France,1818,12.916583333333334
France,1819,12.679250000000001
France,1820,12.109
France,1821,12.866916666666668
France,1822,13.540333333333335
France,1823,12.299750000000001
France,1824,12.833166666666665
France,1825,13.130749999999999
France,1826,12.830416666666666
France,1827,12.632083333333334
France,1828,13.241999999999999
France,1829,11.566833333333333
France,1830,12.320333333333332
France,1831,12.820500000000001
France,1832,12.423833333333334
France,1833,12.624833333333333
France,1834,13.549083333333334
France,1835,12.263916666666667
France,1836,12.423833333333334
France,1837,12.0835
France,1838,11.9285
France,1839,12.525166666666665
France,1840,12.130166666666668
France,1841,12.503333333333332
France,1842,12.368166666666667
France,1843,12.647583333333332
France,1844,12.255833333333333
France,1845,12.054083333333333
France,1846,13.40075
France,1847,12.345500000000001
France,1848,12.516583333333335
France,1849,12.624583333333334
France,1850,12.2175
France,1851,12.042666666666667
France,1852,13.035583333333333
France,1853,11.826166666666667
France,1854,12.443166666666668
France,1855,11.763583333333335
France,1856,12.615916666666665
France,1857,12.823250000000002
France,1858,12.382083333333334
France,1859,13.1075
France,1860,11.752249999999998
France,1861,12.658083333333332
France,1862,12.939916666666667
France,1863,12.926166666666667
France,1864,12.087333333333333
France,1865,12.961500000000001
France,1866,13.053916666666666
France,1867,12.663333333333334
France,1868,13.267666666666665
France,1869,12.699583333333335
France,1870,12.324416666666666
France,1871,12.007583333333335
France,1872,13.054333333333334
France,1873,12.710333333333333
France,1874,12.6105
France,1875,12.515416666666667
France,1876,12.799333333333331
France,1877,12.878416666666666
France,1878,12.597833333333334
France,1879,11.611416666666665
France,1880,12.729083333333334
France,1881,12.535583333333333
France,1882,12.592833333333333
France,1883,12.220916666666668
France,1884,12.69525
France,1885,12.263166666666665
France,1886,12.421583333333333
France,1887,11.635416666666666
France,1888,11.778166666666666
France,1889,11.937416666666666
France,1890,11.813666666666665
France,1891,11.999166666666667
France,1892,12.378083333333334
France,1893,12.943583333333335
France,1894,12.529583333333333
France,1895,12.415666666666667
France,1896,12.149666666666667
France,1897,12.9275
France,1898,12.96225
France,1899,13.143166666666668
France,1900,12.987333333333334
France,1901,12.328416666666667
France,1902,12.391916666666667
France,1903,12.592333333333334
France,1904,12.813250000000002
France,1905,12.419666666666666
France,1906,12.714500000000001
France,1907,12.508249999999999
France,1908,12.448416666666667
France,1909,12.10725
France,1910,12.492916666666668
France,1911,13.162916666666666
France,1912,12.540333333333335
France,1913,12.9135
France,1914,12.689749999999998
France,1915,12.618166666666667
France,1916,12.679
France,1917,11.916833333333335
France,1918,12.641416666666666
France,1919,12.254666666666667
France,1920,13.018333333333333
France,1921,13.387166666666667
France,1922,12.370833333333335
France,1923,12.830666666666666
France,1924,12.597666666666667
France,1925,12.460333333333333
France,1926,13.182833333333333
France,1927,12.819749999999999
France,1928,13.2965
France,1929,12.657916666666667
France,1930,13.168750000000001
France,1931,12.531583333333332
France,1932,12.698749999999999
France,1933,12.687
France,1934,13.13275
France,1935,12.79725
France,1936,12.892666666666665
France,1937,13.295166666666667
France,1938,12.948666666666668
France,1939,12.737666666666668
France,1940,12.390833333333333
France,1941,12.32625
France,1942,12.685166666666667
France,1943,13.522916666666667
France,1944,12.800666666666666
France,1945,13.397916666666667
France,1946,12.8345
France,1947,13.631666666666668
France,1948,13.331583333333334
France,1949,13.696
France,1950,13.23325
France,1951,12.947083333333333
France,1952,13.088916666666668
France,1953,13.143666666666666
France,1954,12.618416666666668
France,1955,13.038333333333334
France,1956,12.063749999999999
France,1957,13.101999999999999
France,1958,13.083166666666665
France,1959,13.67525
France,1960,13.027666666666667
France,1961,13.701833333333333
France,1962,12.414333333333333
France,1963,12.072833333333334
France,1964,12.990416666666667
France,1965,12.501833333333332
France,1966,13.215166666666667
France,1967,13.0875
France,1968,12.79775
France,1969,12.8335
France,1970,12.89925
France,1971,12.869166666666667
France,1972,12.594416666666667
France,1973,12.887166666666667
France,1974,13.040416666666667
France,1975,12.9625
France,1976,13.278333333333334
France,1977,13.016583333333335
France,1978,12.657000000000002
France,1979,12.836416666666667
France,1980,12.555833333333332
France,1981,13.080666666666666
France,1982,13.679416666666667
France,1983,13.487833333333334
France,1984,12.868250000000002
France,1985,12.628
France,1986,12.871666666666668
France,1987,12.955166666666665
France,1988,13.580916666666667
France,1989,13.930083333333334
France,1990,14.038833333333335
France,1991,13.1395
France,1992,13.462916666666667
France,1993,13.150166666666665
France,1994,14.156166666666666
France,1995,13.89975
France,1996,13.013916666666667
France,1997,14.095999999999998
France,1998,13.720666666666666
France,1999,13.904916666666667
France,2000,13.967333333333334
France,2001,13.6965
France,2002,14.048166666666667
France,2003,14.337916666666667
France,2004,13.664083333333332
France,2005,13.694250000000002
France,2006,14.143833333333333
France,2007,13.896583333333332
France,2008,13.5815
France,2009,13.941666666666668
France,2010,13.115416666666668
France,2011,14.479583333333332
France,2012,13.707166666666666
France,2013,14.338111111111111
Italy,1743,9.538
Italy,1744,13.482833333333334
Italy,1745,9.18625
Italy,1746,10.728
Italy,1747,10.728
Italy,1748,10.728
Italy,1749,10.728
Italy,1750,13.124333333333333
Italy,1751,14.230499999999997
Italy,1752,9.043333333333333
Italy,1753,12.737416666666666
Italy,1754,12.563250000000002
Italy,1755,12.329833333333333
Italy,1756,12.84875
Italy,1757,12.532583333333333
Italy,1758,11.792166666666667
Italy,1759,12.898166666666667
Italy,1760,12.732416666666667
Italy,1761,12.972166666666666
Italy,1762,12.742583333333334
Italy,1763,12.311916666666667
Italy,1764,12.930750000000002
Italy,1765,12.768583333333334
Italy,1766,12.612083333333333
Italy,1767,12.146833333333333
Italy,1768,11.8105
Italy,1769,12.566083333333333
Italy,1770,12.517083333333332
Italy,1771,12.679666666666668
Italy,1772,14.048250000000001
Italy,1773,12.642416666666668
Italy,1774,12.722916666666668
Italy,1775,13.148583333333333
Italy,1776,12.413916666666665
Italy,1777,12.286
Italy,1778,13.160333333333334
Italy,1779,13.351666666666667
Italy,1780,13.098666666666666
Italy,1781,13.2735
Italy,1782,12.200333333333333
Italy,1783,12.965083333333332
Italy,1784,12.345666666666666
Italy,1785,12.118416666666667
Italy,1786,12.290999999999999
Italy,1787,12.922666666666666
Italy,1788,13.156666666666666
Italy,1789,12.358166666666667
Italy,1790,12.992833333333332
Italy,1791,13.170166666666667
Italy,1792,12.759166666666667
Italy,1793,12.66375
Italy,1794,13.174
Italy,1795,12.545583333333333
Italy,1796,12.802
Italy,1797,13.20425
Italy,1798,12.928666666666667
Italy,1799,12.027333333333333
Italy,1800,13.164916666666668
Italy,1801,13.356166666666667
Italy,1802,13.4865
Italy,1803,12.542250000000001
Italy,1804,13.028
Italy,1805,11.691916666666666
Italy,1806,12.941
Italy,1807,13.015666666666666
Italy,1808,11.537333333333335
Italy,1809,12.235083333333334
Italy,1810,12.544916666666667
Italy,1811,13.234666666666667
Italy,1812,11.624
Italy,1813,12.113833333333332
Italy,1814,11.51475
Italy,1815,12.118333333333334
Italy,1816,11.301833333333333
Italy,1817,12.310833333333333
Italy,1818,12.665750000000001
Italy,1819,12.709083333333332
Italy,1820,12.554
Italy,1821,12.437166666666668
Italy,1822,13.564166666666667
Italy,1823,12.267666666666665
Italy,1824,12.791583333333334
Italy,1825,12.778833333333333
Italy,1826,12.570833333333333
Italy,1827,12.561416666666666
Italy,1828,13.050583333333334
Italy,1829,11.691833333333333
Italy,1830,12.494750000000002
Italy,1831,12.719333333333333
Italy,1832,12.235583333333333
Italy,1833,12.349499999999999
Italy,1834,13.141583333333335
Italy,1835,11.831833333333334
Italy,1836,12.162166666666666
Italy,1837,11.617166666666668
Italy,1838,11.873249999999999
Italy,1839,12.622250000000001
Italy,1840,12.201666666666668
Italy,1841,13.185083333333333
Italy,1842,12.201333333333332
Italy,1843,12.449
Italy,1844,12.398083333333334
Italy,1845,12.363833333333334
Italy,1846,13.492833333333332
Italy,1847,12.241333333333332
Italy,1848,12.567083333333334
Italy,1849,12.537333333333335
Italy,1850,11.792333333333334
Italy,1851,11.962666666666665
Italy,1852,12.784166666666666
Italy,1853,12.277083333333332
Italy,1854,12.08675
Italy,1855,12.057666666666668
Italy,1856,12.391166666666669
Italy,1857,12.27275
Italy,1858,11.832916666666668
Italy,1859,12.774083333333332
Italy,1860,11.935583333333334
Italy,1861,12.650166666666665
Italy,1862,13.117583333333334
Italy,1863,13.248416666666666
Italy,1864,11.984666666666667
Italy,1865,12.79425
Italy,1866,12.857666666666667
Italy,1867,12.862499999999999
Italy,1868,12.903500000000001
Italy,1869,12.523000000000001
Italy,1870,12.09575
Italy,1871,11.875416666666666
Italy,1872,13.166000000000002
Italy,1873,12.863166666666666
Italy,1874,12.201666666666666
Italy,1875,12.0985
Italy,1876,12.690416666666666
Italy,1877,12.63875
Italy,1878,12.577583333333335
Italy,1879,12.167083333333332
Italy,1880,12.75
Italy,1881,12.516916666666667
Italy,1882,12.803416666666665
Italy,1883,11.998249999999999
Italy,1884,12.169333333333334
Italy,1885,12.603499999999999
Italy,1886,12.575249999999999
Italy,1887,12.163666666666666
Italy,1888,12.035833333333334
Italy,1889,12.002249999999998
Italy,1890,11.942583333333333
Italy,1891,11.955
Italy,1892,12.576916666666667
Italy,1893,12.542333333333334
Italy,1894,12.520083333333334
Italy,1895,12.359416666666668
Italy,1896,11.949833333333332
Italy,1897,12.718916666666667
Italy,1898,13.083083333333333
Italy,1899,12.81875
Italy,1900,12.998
Italy,1901,12.205583333333331
Italy,1902,12.516750000000002
Italy,1903,12.47375
Italy,1904,12.932166666666665
Italy,1905,12.243083333333333
Italy,1906,12.330166666666665
Italy,1907,12.420833333333334
Italy,1908,12.338499999999998
Italy,1909,12.146
Italy,1910,12.374416666666667
Italy,1911,12.903833333333333
Italy,1912,12.214416666666667
Italy,1913,12.662583333333332
Italy,1914,12.3405
Italy,1915,12.427583333333333
Italy,1916,13.011750000000001
Italy,1917,12.292916666666665
Italy,1918,12.399833333333333
Italy,1919,12.169583333333334
Italy,1920,13.341416666666667
Italy,1921,13.044916666666666
Italy,1922,12.585916666666668
Italy,1923,13.003
Italy,1924,12.761249999999999
Italy,1925,12.570083333333331
Italy,1926,13.156500000000001
Italy,1927,13.439333333333332
Italy,1928,13.221166666666667
Italy,1929,12.424166666666666
Italy,1930,13.224166666666667
Italy,1931,12.718416666666664
Italy,1932,12.669416666666665
Italy,1933,12.39925
Italy,1934,13.323416666666667
Italy,1935,12.827583333333331
Italy,1936,12.973500000000001
Italy,1937,13.184916666666666
Italy,1938,12.69375
Italy,1939,12.696083333333334
Italy,1940,11.888416666666666
Italy,1941,12.045666666666667
Italy,1942,12.798083333333333
Italy,1943,13.693916666666667
Italy,1944,12.550083333333333
Italy,1945,13.35225
Italy,1946,13.3225
Italy,1947,13.600916666666668
Italy,1948,13.203916666666666
Italy,1949,13.354666666666667
Italy,1950,13.712583333333335
Italy,1951,13.344499999999998
Italy,1952,13.261249999999999
Italy,1953,13.041333333333332
Italy,1954,12.447916666666666
Italy,1955,13.030916666666668
Italy,1956,12.060833333333333
Italy,1957,13.048250000000001
Italy,1958,13.152000000000001
Italy,1959,13.089416666666667
Italy,1960,13.072833333333334
Italy,1961,13.570583333333333
Italy,1962,12.658000000000001
Italy,1963,12.604583333333332
Italy,1964,12.991333333333332
Italy,1965,12.455583333333331
Italy,1966,13.040583333333332
Italy,1967,13.13725
Italy,1968,12.84525
Italy,1969,12.629583333333334
Italy,1970,12.840583333333333
Italy,1971,12.788916666666665
Italy,1972,12.716833333333334
Italy,1973,12.798499999999999
Italy,1974,12.807583333333334
Italy,1975,12.937166666666668
Italy,1976,12.503166666666667
Italy,1977,13.03875
Italy,1978,12.373666666666667
Italy,1979,12.898166666666667
Italy,1980,12.239583333333334
Italy,1981,12.77675
Italy,1982,13.439916666666667
Italy,1983,13.188333333333333
Italy,1984,12.486333333333333
Italy,1985,13.058333333333332
Italy,1986,13.132833333333332
Italy,1987,13.176499999999999
Italy,1988,13.507666666666667
Italy,1989,13.329166666666667
Italy,1990,13.716916666666668
Italy,1991,12.853499999999999
Italy,1992,13.58175
Italy,1993,13.409666666666666
Italy,1994,14.284833333333333
Italy,1995,13.234083333333333
Italy,1996,13.007
Italy,1997,13.838833333333334
Italy,1998,13.662333333333335
Italy,1999,13.763
Italy,2000,14.1255
Italy,2001,13.95425
Italy,2002,13.934
Italy,2003,14.296916666666666
Italy,2004,13.559833333333332
Italy,2005,13.028583333333332
Italy,2006,13.787333333333335
Italy,2007,14.073333333333332
Italy,2008,13.88125
Italy,2009,14.052916666666667
Italy,2010,13.324916666666667
Italy,2011,14.173166666666667
Italy,2012,14.079
Italy,2013,15.213666666666667
Lebanon,1808,13.802
Lebanon,1809,16.312583333333333
Lebanon,1810,16.370166666666666
Lebanon,1811,16.397166666666667
Lebanon,1812,16.340999999999998
Lebanon,1813,16.8795
Lebanon,1814,16.96891666666667
Lebanon,1815,16.67625
Lebanon,1816,16.24716666666667
Lebanon,1817,16.43583333333333
Lebanon,1818,17.272166666666667
Lebanon,1819,16.794999999999998
Lebanon,1820,16.946333333333335
Lebanon,1821,17.038333333333334
Lebanon,1822,16.885166666666667
Lebanon,1823,17.253916666666665
Lebanon,1824,18.064833333333333
Lebanon,1825,17.336666666666666
Lebanon,1826,17.2575
Lebanon,1827,18.169333333333334
Lebanon,1828,17.331500000000002
Lebanon,1829,17.307083333333335
Lebanon,1830,17.618083333333335
Lebanon,1831,16.93275
Lebanon,1832,16.2865
Lebanon,1833,17.18825
Lebanon,1834,17.042416666666668
Lebanon,1835,16.607
Lebanon,1836,17.04191666666667
Lebanon,1837,16.72475
Lebanon,1838,16.51475
Lebanon,1839,16.79125
Lebanon,1840,16.81025
Lebanon,1841,17.318
Lebanon,1842,17.273583333333335
Lebanon,1843,17.232083333333332
Lebanon,1844,17.055916666666665
Lebanon,1845,17.295333333333335
Lebanon,1846,17.93925
Lebanon,1847,17.499666666666666
Lebanon,1848,17.41775
Lebanon,1849,17.411083333333334
Lebanon,1850,16.835583333333332
Lebanon,1851,17.777083333333334
Lebanon,1852,17.498333333333335
Lebanon,1853,18.051583333333333
Lebanon,1854,17.04775
Lebanon,1855,17.516333333333332
Lebanon,1856,17.009666666666668
Lebanon,1857,16.639916666666668
Lebanon,1858,17.290333333333333
Lebanon,1859,17.47641666666667
Lebanon,1860,17.878
Lebanon,1861,16.348333333333333
Lebanon,1862,16.3265
Lebanon,1863,16.857583333333334
Lebanon,1864,17.516833333333334
Lebanon,1865,17.86
Lebanon,1866,17.700833333333332
Lebanon,1867,17.657833333333333
Lebanon,1868,17.2545
Lebanon,1869,17.878083333333333
Lebanon,1870,17.632416666666668
Lebanon,1871,16.976333333333333
Lebanon,1872,17.735
Lebanon,1873,18.02175
Lebanon,1874,17.217000000000002
Lebanon,1875,16.38525
Lebanon,1876,17.7605
Lebanon,1877,18.10275
Lebanon,1878,18.034333333333333
Lebanon,1879,18.307333333333332
Lebanon,1880,16.955083333333334
Lebanon,1881,17.594083333333334
Lebanon,1882,16.901500000000002
Lebanon,1883,17.451249999999998
Lebanon,1884,16.962833333333332
Lebanon,1885,17.84416666666667
Lebanon,1886,17.24533333333333
Lebanon,1887,17.780416666666667
Lebanon,1888,17.638333333333335
Lebanon,1889,17.853333333333335
Lebanon,1890,17.627916666666668
Lebanon,1891,17.588416666666667
Lebanon,1892,17.84125
Lebanon,1893,17.221
Lebanon,1894,16.864333333333335
Lebanon,1895,17.281499999999998
Lebanon,1896,17.316
Lebanon,1897,16.814083333333333
Lebanon,1898,17.317916666666665
Lebanon,1899,17.515416666666667
Lebanon,1900,17.877166666666668
Lebanon,1901,18.388083333333334
Lebanon,1902,17.93225
Lebanon,1903,17.24533333333333
Lebanon,1904,17.206333333333333
Lebanon,1905,17.170666666666666
Lebanon,1906,17.393416666666667
Lebanon,1907,16.784000000000002
Lebanon,1908,16.9475
Lebanon,1909,17.973166666666668
Lebanon,1910,17.121333333333336
Lebanon,1911,16.59975
Lebanon,1912,17.387083333333333
Lebanon,1913,16.918499999999998
Lebanon,1914,17.06566666666667
Lebanon,1915,17.75175
Lebanon,1916,18.03
Lebanon,1917,17.896166666666666
Lebanon,1918,17.42175
Lebanon,1919,17.776083333333332
Lebanon,1920,16.829666666666665
Lebanon,1921,17.0085
Lebanon,1922,17.9305
Lebanon,1923,18.019000000000002
Lebanon,1924,17.832
Lebanon,1925,17.743166666666667
Lebanon,1926,17.84175
Lebanon,1927,18.08416666666667
Lebanon,1928,18.174583333333334
Lebanon,1929,17.713
Lebanon,1930,18.3045
Lebanon,1931,17.949333333333332
Lebanon,1932,17.800416666666667
Lebanon,1933,17.239166666666666
Lebanon,1934,17.920833333333334
Lebanon,1935,18.38083333333333
Lebanon,1936,18.14108333333333
Lebanon,1937,18.416333333333334
Lebanon,1938,17.572083333333335
Lebanon,1939,18.167666666666666
Lebanon,1940,18.054166666666667
Lebanon,1941,18.272666666666666
Lebanon,1942,17.89075
Lebanon,1943,17.542416666666668
Lebanon,1944,17.786666666666665
Lebanon,1945,17.446250000000003
Lebanon,1946,18.026750000000003
Lebanon,1947,18.761916666666668
Lebanon,1948,17.294083333333333
Lebanon,1949,17.01975
Lebanon,1950,17.695249999999998
Lebanon,1951,18.16625
Lebanon,1952,18.303250000000002
Lebanon,1953,17.18175
Lebanon,1954,18.148333333333333
Lebanon,1955,18.70925
Lebanon,1956,17.690833333333334
Lebanon,1957,17.873250000000002
Lebanon,1958,18.248500000000003
Lebanon,1959,17.253
Lebanon,1960,18.837333333333333
Lebanon,1961,17.763250000000003
Lebanon,1962,18.862750000000002
Lebanon,1963,18.511916666666668
Lebanon,1964,17.334166666666665
Lebanon,1965,17.90066666666667
Lebanon,1966,18.645166666666665
Lebanon,1967,17.020333333333333
Lebanon,1968,18.078583333333334
Lebanon,1969,18.273
Lebanon,1970,18.262583333333335
Lebanon,1971,17.71375
Lebanon,1972,17.343833333333333
Lebanon,1973,17.79525
Lebanon,1974,17.779416666666666
Lebanon,1975,17.690416666666668
Lebanon,1976,17.479000000000003
Lebanon,1977,17.937
Lebanon,1978,18.253833333333336
Lebanon,1979,18.60891666666667
Lebanon,1980,17.884583333333335
Lebanon,1981,18.14775
Lebanon,1982,17.324749999999998
Lebanon,1983,17.316083333333335
Lebanon,1984,17.773333333333333
Lebanon,1985,18.255333333333333
Lebanon,1986,18.111916666666666
Lebanon,1987,17.912
Lebanon,1988,17.97025
Lebanon,1989,18.106583333333333
Lebanon,1990,18.184583333333332
Lebanon,1991,18.114833333333333
Lebanon,1992,16.92125
Lebanon,1993,17.92625
Lebanon,1994,18.66425
Lebanon,1995,18.104833333333335
Lebanon,1996,18.50016666666667
Lebanon,1997,17.731583333333333
Lebanon,1998,19.00166666666667
Lebanon,1999,18.9815
Lebanon,2000,18.377333333333336
Lebanon,2001,19.06275
Lebanon,2002,18.677083333333332
Lebanon,2003,18.554
Lebanon,2004,18.47425
Lebanon,2005,18.39275
Lebanon,2006,18.314333333333334
Lebanon,2007,18.755166666666664
Lebanon,2008,18.957166666666666
Lebanon,2009,18.85225
Lebanon,2010,20.268833333333333
Lebanon,2011,18.261666666666667
Lebanon,2012,18.989083333333337
Lebanon,2013,20.042444444444445
Madagascar,1787,22.567083333333333
Madagascar,1788,22.431083333333333
Madagascar,1789,22.530833333333334
Madagascar,1790,22.341333333333335
Madagascar,1791,22.77591666666667
Madagascar,1792,22.13716666666667
Madagascar,1793,21.911
Madagascar,1794,21.911
Madagascar,1795,21.911
Madagascar,1796,21.911
Madagascar,1797,21.911
Madagascar,1798,21.911
Madagascar,1799,21.911
Madagascar,1800,21.911
Madagascar,1801,21.911
Madagascar,1802,21.911
Madagascar,1803,22.06775
Madagascar,1804,22.790666666666667
Madagascar,1805,22.855
Madagascar,1806,22.855
Madagascar,1807,22.855
Madagascar,1808,22.855
Madagascar,1809,22.855
Madagascar,1810,22.855
Madagascar,1811,22.855
Madagascar,1812,22.855
Madagascar,1813,22.855
Madagascar,1814,22.855
Madagascar,1815,22.855
Madagascar,1816,22.855
Madagascar,1817,22.855
Madagascar,1818,22.855
Madagascar,1819,22.855
Madagascar,1820,22.855
Madagascar,1821,22.855
Madagascar,1822,22.855
Madagascar,1823,22.855
Madagascar,1824,22.855
Madagascar,1825,22.855
Madagascar,1826,22.855
Madagascar,1827,22.855
Madagascar,1828,22.855
Madagascar,1829,22.855
Madagascar,1830,22.855
Madagascar,1831,22.855
Madagascar,1832,22.855
Madagascar,1833,22.855
Madagascar,1834,22.855
Madagascar,1835,22.855
Madagascar,1836,22.855
Madagascar,1837,22.855
Madagascar,1838,22.855
Madagascar,1839,22.855
Madagascar,1840,22.855
Madagascar,1841,22.855
Madagascar,1842,22.855
Madagascar,1843,22.855
Madagascar,1844,22.855
Madagascar,1845,22.855
Madagascar,1846,22.855
Madagascar,1847,22.855
Madagascar,1848,22.855
Madagascar,1849,22.855
Madagascar,1850,21.936000000000003
Madagascar,1851,23.26
Madagascar,1852,23.26
Madagascar,1853,22.167416666666668
Madagascar,1854,22.299083333333332
Madagascar,1855,22.14491666666667
Madagascar,1856,21.983416666666667
Madagascar,1857,21.82941666666667
Madagascar,1858,22.23466666666667
Madagascar,1859,22.37375
Madagascar,1860,22.363500000000002
Madagascar,1861,22.258583333333334
Madagascar,1862,24.604000000000003
Madagascar,1863,24.604000000000003
Madagascar,1864,22.121083333333335
Madagascar,1865,23.752
Madagascar,1866,23.752
Madagascar,1867,23.752
Madagascar,1868,23.752
Madagascar,1869,23.752
Madagascar,1870,23.752
Madagascar,1871,23.752
Madagascar,1872,23.752
Madagascar,1873,23.752
Madagascar,1874,23.752
Madagascar,1875,22.091916666666666
Madagascar,1876,22.121499999999997
Madagascar,1877,22.64425
Madagascar,1878,22.869250000000005
Madagascar,1879,24.548999999999996
Madagascar,1880,22.30666666666667
Madagascar,1881,24.50966666666667
Madagascar,1882,24.533
Madagascar,1883,24.533
Madagascar,1884,24.533
Madagascar,1885,24.533
Madagascar,1886,24.533
Madagascar,1887,24.533
Madagascar,1888,24.533
Madagascar,1889,22.634916666666665
Madagascar,1890,21.761416666666666
Madagascar,1891,21.998166666666666
Madagascar,1892,22.30541666666667
Madagascar,1893,21.9165
Madagascar,1894,22.369833333333332
Madagascar,1895,22.453000000000003
Madagascar,1896,22.517500000000002
Madagascar,1897,22.670749999999998
Madagascar,1898,22.60675
Madagascar,1899,22.266666666666666
Madagascar,1900,22.915583333333334
Madagascar,1901,22.688916666666668
Madagascar,1902,22.801666666666666
Madagascar,1903,22.573916666666666
Madagascar,1904,22.07825
Madagascar,1905,22.64916666666667
Madagascar,1906,22.476249999999997
Madagascar,1907,22.28825
Madagascar,1908,22.682583333333337
Madagascar,1909,22.603583333333333
Madagascar,1910,22.155083333333334
Madagascar,1911,22.173416666666668
Madagascar,1912,22.812416666666667
Madagascar,1913,22.525833333333335
Madagascar,1914,22.729083333333335
Madagascar,1915,22.720166666666668
Madagascar,1916,22.354083333333335
Madagascar,1917,22.180833333333336
Madagascar,1918,22.297083333333333
Madagascar,1919,22.62925
Madagascar,1920,22.297250000000002
Madagascar,1921,22.325
Madagascar,1922,22.283416666666668
Madagascar,1923,22.676583333333337
Madagascar,1924,22.378249999999998
Madagascar,1925,22.70358333333333
Madagascar,1926,23.061083333333332
Madagascar,1927,22.422749999999997
Madagascar,1928,22.68375
Madagascar,1929,22.61375
Madagascar,1930,22.257666666666665
Madagascar,1931,22.930750000000003
Madagascar,1932,22.596999999999998
Madagascar,1933,22.610833333333332
Madagascar,1934,22.64675
Madagascar,1935,22.49683333333333
Madagascar,1936,22.876
Madagascar,1937,22.868416666666665
Madagascar,1938,22.730666666666668
Madagascar,1939,22.780583333333336
Madagascar,1940,22.993333333333336
Madagascar,1941,23.034333333333333
Madagascar,1942,22.68466666666667
Madagascar,1943,22.36883333333333
Madagascar,1944,22.75208333333333
Madagascar,1945,22.725833333333338
Madagascar,1946,22.791749999999997
Madagascar,1947,22.740666666666666
Madagascar,1948,22.915583333333334
Madagascar,1949,22.988583333333334
Madagascar,1950,22.50666666666667
Madagascar,1951,22.672749999999997
Madagascar,1952,22.823916666666666
Madagascar,1953,22.816666666666666
Madagascar,1954,22.92075
Madagascar,1955,22.698666666666668
Madagascar,1956,22.612416666666665
Madagascar,1957,22.837
Madagascar,1958,22.90575
Madagascar,1959,22.765416666666667
Madagascar,1960,22.689333333333334
Madagascar,1961,23.433666666666667
Madagascar,1962,22.82525
Madagascar,1963,22.545333333333332
Madagascar,1964,22.488333333333333
Madagascar,1965,22.343416666666666
Madagascar,1966,22.918916666666664
Madagascar,1967,23.15291666666667
Madagascar,1968,22.485500000000002
Madagascar,1969,23.40041666666667
Madagascar,1970,23.126
Madagascar,1971,22.583250000000003
Madagascar,1972,22.834750000000003
Madagascar,1973,22.919916666666666
Madagascar,1974,22.56866666666667
Madagascar,1975,22.577749999999998
Madagascar,1976,22.862416666666665
Madagascar,1977,23.185666666666666
Madagascar,1978,23.171499999999998
Madagascar,1979,22.990083333333335
Madagascar,1980,23.018666666666665
Madagascar,1981,22.933916666666665
Madagascar,1982,23.001083333333337
Madagascar,1983,23.262333333333334
Madagascar,1984,22.674583333333334
Madagascar,1985,22.879833333333334
Madagascar,1986,22.786083333333334
Madagascar,1987,23.367083333333337
Madagascar,1988,23.254916666666663
Madagascar,1989,22.933083333333332
Madagascar,1990,23.124166666666667
Madagascar,1991,23.327
Madagascar,1992,23.341333333333335
Madagascar,1993,23.455833333333334
Madagascar,1994,23.444583333333338
Madagascar,1995,23.47975
Madagascar,1996,23.26291666666667
Madagascar,1997,23.452916666666667
Madagascar,1998,23.753416666666666
Madagascar,1999,23.41925
Madagascar,2000,23.320333333333334
Madagascar,2001,23.586916666666667
Madagascar,2002,23.617500000000003
Madagascar,2003,23.49525
Madagascar,2004,23.453000000000003
Madagascar,2005,23.62183333333333
Madagascar,2006,23.66116666666667
Madagascar,2007,23.64975
Madagascar,2008,23.332250000000002
Madagascar,2009,23.618666666666666
Madagascar,2010,23.846166666666665
Madagascar,2011,23.776833333333332
Madagascar,2012,23.325333333333333
Madagascar,2013,22.675555555555555
Mauritius,1787,23.252333333333336
Mauritius,1788,22.979249999999997
Mauritius,1789,23.187
Mauritius,1790,23.06341666666667
Mauritius,1791,23.57558333333333
Mauritius,1792,23.12325
Mauritius,1793,21.485
Mauritius,1794,21.485
Mauritius,1795,21.485
Mauritius,1796,21.485
Mauritius,1797,21.485
Mauritius,1798,21.485
Mauritius,1799,21.485
Mauritius,1800,21.485
Mauritius,1801,21.485
Mauritius,1802,21.485
Mauritius,1803,22.0475
Mauritius,1804,23.520583333333335
Mauritius,1805,21.703000000000007
Mauritius,1806,21.703000000000007
Mauritius,1807,21.703000000000007
Mauritius,1808,21.703000000000007
Mauritius,1809,21.703000000000007
Mauritius,1810,21.703000000000007
Mauritius,1811,21.703000000000007
Mauritius,1812,21.703000000000007
Mauritius,1813,21.703000000000007
Mauritius,1814,21.703000000000007
Mauritius,1815,21.703000000000007
Mauritius,1816,21.703000000000007
Mauritius,1817,21.703000000000007
Mauritius,1818,21.703000000000007
Mauritius,1819,21.703000000000007
Mauritius,1820,21.703000000000007
Mauritius,1821,21.703000000000007
Mauritius,1822,21.703000000000007
Mauritius,1823,21.703000000000007
Mauritius,1824,21.703000000000007
Mauritius,1825,21.703000000000007
Mauritius,1826,21.703000000000007
Mauritius,1827,21.703000000000007
Mauritius,1828,21.703000000000007
Mauritius,1829,21.703000000000007
Mauritius,1830,21.703000000000007
Mauritius,1831,21.703000000000007
Mauritius,1832,21.703000000000007
Mauritius,1833,21.703000000000007
Mauritius,1834,21.703000000000007
Mauritius,1835,21.703000000000007
Mauritius,1836,21.703000000000007
Mauritius,1837,21.703000000000007
Mauritius,1838,21.703000000000007
Mauritius,1839,21.703000000000007
Mauritius,1840,21.703000000000007
Mauritius,1841,21.703000000000007
Mauritius,1842,21.703000000000007
Mauritius,1843,21.703000000000007
Mauritius,1844,21.703000000000007
Mauritius,1845,21.703000000000007
Mauritius,1846,21.703000000000007
Mauritius,1847,21.703000000000007
Mauritius,1848,21.703000000000007
Mauritius,1849,21.703000000000007
Mauritius,1850,21.703000000000007
Mauritius,1851,21.703000000000007
Mauritius,1852,21.703000000000007
Mauritius,1853,22.94225
Mauritius,1854,22.9735
Mauritius,1855,22.624416666666665
Mauritius,1856,22.629
Mauritius,1857,22.505750000000003
Mauritius,1858,22.969916666666666
Mauritius,1859,23.10775
Mauritius,1860,23.313166666666664
Mauritius,1861,23.269416666666668
Mauritius,1862,25.343000000000004
Mauritius,1863,25.343000000000004
Mauritius,1864,25.343000000000004
Mauritius,1865,25.343000000000004
Mauritius,1866,25.343000000000004
Mauritius,1867,25.343000000000004
Mauritius,1868,25.343000000000004
Mauritius,1869,25.343000000000004
Mauritius,1870,25.343000000000004
Mauritius,1871,25.343000000000004
Mauritius,1872,25.343000000000004
Mauritius,1873,25.343000000000004
Mauritius,1874,25.343000000000004
Mauritius,1875,25.343000000000004
Mauritius,1876,25.343000000000004
Mauritius,1877,25.343000000000004
Mauritius,1878,25.343000000000004
Mauritius,1879,25.343000000000004
Mauritius,1880,25.343000000000004
Mauritius,1881,25.343000000000004
Mauritius,1882,25.343000000000004
Mauritius,1883,25.343000000000004
Mauritius,1884,25.343000000000004
Mauritius,1885,25.343000000000004
Mauritius,1886,25.343000000000004
Mauritius,1887,25.343000000000004
Mauritius,1888,25.343000000000004
Mauritius,1889,23.19741666666667
Mauritius,1890,22.5545
Mauritius,1891,22.77866666666667
Mauritius,1892,22.82675
Mauritius,1893,22.788666666666668
Mauritius,1894,23.11566666666667
Mauritius,1895,23.085416666666664
Mauritius,1896,23.145916666666665
Mauritius,1897,23.359416666666664
Mauritius,1898,23.235000000000003
Mauritius,1899,23.132583333333333
Mauritius,1900,23.464166666666667
Mauritius,1901,23.520166666666668
Mauritius,1902,23.310833333333335
Mauritius,1903,23.05366666666667
Mauritius,1904,22.866500000000002
Mauritius,1905,23.29008333333333
Mauritius,1906,23.307083333333335
Mauritius,1907,22.968333333333334
Mauritius,1908,23.138583333333333
Mauritius,1909,22.991583333333335
Mauritius,1910,23.128249999999998
Mauritius,1911,23.095250000000004
Mauritius,1912,23.360166666666668
Mauritius,1913,23.088250000000002
Mauritius,1914,23.5805
Mauritius,1915,23.59658333333333
Mauritius,1916,23.346333333333334
Mauritius,1917,22.89616666666667
Mauritius,1918,22.88083333333333
Mauritius,1919,23.618166666666667
Mauritius,1920,23.012083333333333
Mauritius,1921,23.080083333333334
Mauritius,1922,23.059416666666667
Mauritius,1923,23.36
Mauritius,1924,23.169166666666666
Mauritius,1925,23.414083333333334
Mauritius,1926,23.691000000000003
Mauritius,1927,23.171833333333336
Mauritius,1928,23.367500000000003
Mauritius,1929,23.22675
Mauritius,1930,23.287166666666668
Mauritius,1931,23.668583333333334
Mauritius,1932,23.30541666666667
Mauritius,1933,23.411083333333334
Mauritius,1934,23.192916666666665
Mauritius,1935,23.497
Mauritius,1936,23.560333333333332
Mauritius,1937,23.591250000000002
Mauritius,1938,23.448833333333337
Mauritius,1939,23.645416666666666
Mauritius,1940,23.730500000000003
Mauritius,1941,23.820083333333333
Mauritius,1942,23.507583333333333
Mauritius,1943,23.049750000000003
Mauritius,1944,23.68541666666667
Mauritius,1945,23.60983333333333
Mauritius,1946,23.71366666666667
Mauritius,1947,23.52625
Mauritius,1948,23.69125
Mauritius,1949,23.56458333333333
Mauritius,1950,23.366416666666666
Mauritius,1951,23.54291666666667
Mauritius,1952,23.549916666666665
Mauritius,1953,23.741
Mauritius,1954,23.7925
Mauritius,1955,23.50525
Mauritius,1956,23.371750000000002
Mauritius,1957,23.59058333333333
Mauritius,1958,23.630750000000003
Mauritius,1959,23.41175
Mauritius,1960,23.452833333333334
Mauritius,1961,24.150666666666666
Mauritius,1962,23.300416666666667
Mauritius,1963,23.146
Mauritius,1964,23.125
Mauritius,1965,23.265083333333337
Mauritius,1966,23.63025
Mauritius,1967,23.7195
Mauritius,1968,23.197666666666667
Mauritius,1969,24.105166666666666
Mauritius,1970,23.751166666666666
Mauritius,1971,23.30125
Mauritius,1972,23.821749999999998
Mauritius,1973,23.72775
Mauritius,1974,23.091416666666664
Mauritius,1975,23.57025
Mauritius,1976,23.841333333333335
Mauritius,1977,24.150750000000002
Mauritius,1978,23.989083333333337
Mauritius,1979,23.936583333333335
Mauritius,1980,23.86491666666667
Mauritius,1981,23.817083333333333
Mauritius,1982,23.751333333333335
Mauritius,1983,23.709500000000002
Mauritius,1984,23.578083333333336
Mauritius,1985,23.649416666666667
Mauritius,1986,23.688
Mauritius,1987,24.315083333333334
Mauritius,1988,24.135583333333333
Mauritius,1989,23.76008333333333
Mauritius,1990,23.840666666666667
Mauritius,1991,24.138
Mauritius,1992,23.809083333333334
Mauritius,1993,23.911083333333334
Mauritius,1994,24.165833333333335
Mauritius,1995,24.023416666666666
Mauritius,1996,23.891166666666667
Mauritius,1997,24.097416666666664
Mauritius,1998,24.405916666666666
Mauritius,1999,24.1075
Mauritius,2000,24.002583333333334
Mauritius,2001,24.4905
Mauritius,2002,24.395750000000003
Mauritius,2003,24.517083333333332
Mauritius,2004,24.254583333333333
Mauritius,2005,24.155916666666666
Mauritius,2006,24.31975
Mauritius,2007,24.284333333333336
Mauritius,2008,24.189000000000004
Mauritius,2009,24.584833333333336
Mauritius,2010,24.669083333333333
Mauritius,2011,24.522333333333336
Mauritius,2012,24.374
Mauritius,2013,24.002555555555556
Russia,1812,-7.046833333333335
Russia,1813,-6.954083333333334
Russia,1814,-5.513166666666667
Russia,1815,-21.345333333333333
Russia,1816,-7.663250000000001
Russia,1817,-6.959916666666667
Russia,1818,-5.90925
Russia,1819,-6.7655
Russia,1820,-6.4285
Russia,1821,-5.717666666666667
Russia,1822,-5.482333333333334
Russia,1823,-6.203500000000001
Russia,1824,-5.300083333333333
Russia,1825,-5.4315
Russia,1826,-5.317166666666667
Russia,1827,-5.038250000000001
Russia,1828,-6.109750000000001
Russia,1829,-6.1812499999999995
Russia,1830,-5.660416666666667
Russia,1831,-6.67325
Russia,1832,-6.681166666666667
Russia,1833,-6.1645
Russia,1834,-5.778166666666667
Russia,1835,-6.7855
Russia,1836,-6.088916666666667
Russia,1837,-6.761666666666667
Russia,1838,-6.4182500000000005
Russia,1839,-6.437583333333333
Russia,1840,-6.437416666666667
Russia,1841,-6.433916666666666
Russia,1842,-5.994416666666667
Russia,1843,-5.097583333333334
Russia,1844,-6.22
Russia,1845,-6.27475
Russia,1846,-5.4339166666666685
Russia,1847,-5.930333333333334
Russia,1848,-5.708333333333333
Russia,1849,-5.5605
Russia,1850,-6.4265
Russia,1851,-5.669583333333333
Russia,1852,-6.039666666666666
Russia,1853,-6.276000000000001
Russia,1854,-5.49025
Russia,1855,-5.556916666666666
Russia,1856,-6.08875
Russia,1857,-6.487166666666667
Russia,1858,-5.592833333333334
Russia,1859,-5.228500000000001
Russia,1860,-6.619
Russia,1861,-6.295333333333333
Russia,1862,-6.931416666666667
Russia,1863,-5.299166666666667
Russia,1864,-6.007583333333334
Russia,1865,-5.917083333333333
Russia,1866,-5.31975
Russia,1867,-5.542999999999999
Russia,1868,-5.757916666666667
Russia,1869,-5.331916666666667
Russia,1870,-6.422833333333333
Russia,1871,-6.263333333333333
Russia,1872,-6.4214166666666666
Russia,1873,-5.687916666666666
Russia,1874,-4.888916666666667
Russia,1875,-6.085416666666667
Russia,1876,-6.0015833333333335
Russia,1877,-5.602999999999999
Russia,1878,-5.238083333333333
Russia,1879,-5.84475
Russia,1880,-5.737166666666667
Russia,1881,-6.0352500000000004
Russia,1882,-5.762250000000001
Russia,1883,-5.847083333333334
Russia,1884,-6.1816666666666675
Russia,1885,-6.683916666666668
Russia,1886,-6.129250000000002
Russia,1887,-5.886916666666667
Russia,1888,-6.412666666666667
Russia,1889,-6.1031666666666675
Russia,1890,-6.25675
Russia,1891,-6.183666666666667
Russia,1892,-6.362416666666667
Russia,1893,-5.554833333333334
Russia,1894,-5.366166666666667
Russia,1895,-6.280666666666666
Russia,1896,-5.686833333333333
Russia,1897,-5.554916666666666
Russia,1898,-5.950666666666667
Russia,1899,-5.37575
Russia,1900,-5.8743333333333325
Russia,1901,-5.460083333333333
Russia,1902,-7.002750000000002
Russia,1903,-5.352583333333333
Russia,1904,-5.418499999999999
Russia,1905,-5.687083333333334
Russia,1906,-5.10175
Russia,1907,-6.041416666666667
Russia,1908,-6.122583333333334
Russia,1909,-5.865083333333334
Russia,1910,-5.776583333333334
Russia,1911,-5.830333333333333
Russia,1912,-6.864416666666667
Russia,1913,-5.726416666666668
Russia,1914,-5.374166666666667
Russia,1915,-6.363
Russia,1916,-6.19
Russia,1917,-5.528416666666668
Russia,1918,-5.747916666666666
Russia,1919,-6.186
Russia,1920,-5.155
Russia,1921,-4.90425
Russia,1922,-5.697833333333333
Russia,1923,-5.521166666666667
Russia,1924,-5.2754166666666675
Russia,1925,-5.128916666666666
Russia,1926,-5.3745
Russia,1927,-5.6569166666666675
Russia,1928,-5.7722500000000005
Russia,1929,-6.400083333333334
Russia,1930,-5.53075
Russia,1931,-5.76275
Russia,1932,-4.758249999999999
Russia,1933,-6.2521666666666675
Russia,1934,-4.643000000000001
Russia,1935,-5.214333333333333
Russia,1936,-5.030083333333334
Russia,1937,-5.1489166666666675
Russia,1938,-4.552666666666666
Russia,1939,-4.716833333333333
Russia,1940,-5.628416666666666
Russia,1941,-6.476666666666667
Russia,1942,-5.604666666666667
Russia,1943,-4.1145000000000005
Russia,1944,-4.434
Russia,1945,-5.394416666666667
Russia,1946,-5.855
Russia,1947,-5.368083333333335
Russia,1948,-4.337583333333334
Russia,1949,-4.9277500000000005
Russia,1950,-5.6089166666666666
Russia,1951,-5.055916666666667
Russia,1952,-6.175250000000001
Russia,1953,-4.779416666666667
Russia,1954,-5.317333333333334
Russia,1955,-5.626666666666668
Russia,1956,-5.81375
Russia,1957,-5.358250000000001
Russia,1958,-6.154083333333333
Russia,1959,-4.838916666666667
Russia,1960,-5.936
Russia,1961,-4.960333333333334
Russia,1962,-4.416250000000001
Russia,1963,-5.008166666666667
Russia,1964,-5.785833333333334
Russia,1965,-5.907416666666666
Russia,1966,-6.309583333333333
Russia,1967,-4.36325
Russia,1968,-5.5895833333333345
Russia,1969,-6.7660833333333334
Russia,1970,-5.522583333333333
Russia,1971,-4.971166666666668
Russia,1972,-5.702000000000001
Russia,1973,-4.833583333333333
Russia,1974,-5.67175
Russia,1975,-4.141083333333334
Russia,1976,-5.927
Russia,1977,-5.513000000000001
Russia,1978,-5.255916666666668
Russia,1979,-5.904333333333334
Russia,1980,-5.420750000000001
Russia,1981,-4.166166666666667
Russia,1982,-5.097583333333334
Russia,1983,-3.9518333333333344
Russia,1984,-5.29425
Russia,1985,-5.521166666666666
Russia,1986,-4.892250000000001
Russia,1987,-6.274000000000001
Russia,1988,-4.330416666666667
Russia,1989,-4.07325
Russia,1990,-4.022916666666666
Russia,1991,-4.236999999999999
Russia,1992,-4.90325
Russia,1993,-4.62175
Russia,1994,-4.898416666666667
Russia,1995,-3.1301666666666663
Russia,1996,-4.810333333333333
Russia,1997,-4.2965
Russia,1998,-5.281083333333334
Russia,1999,-4.829750000000001
Russia,2000,-4.5456666666666665
Russia,2001,-4.490666666666667
Russia,2002,-4.122916666666666
Russia,2003,-3.8328333333333333
Russia,2004,-4.4935833333333335
Russia,2005,-3.4980833333333337
Russia,2006,-4.763
Russia,2007,-2.975083333333334
Russia,2008,-3.3054166666666664
Russia,2009,-4.6085
Russia,2010,-4.520583333333334
Russia,2011,-3.401583333333333
Russia,2012,-3.90175
Russia,2013,-0.4762222222222224
South Korea,1841,10.697000000000001
South Korea,1842,11.305083333333334
South Korea,1843,11.477416666666665
South Korea,1844,11.248583333333334
South Korea,1845,11.392166666666668
South Korea,1846,11.65325
South Korea,1847,11.749833333333333
South Korea,1848,11.491333333333335
South Korea,1849,11.521416666666667
South Korea,1850,10.948749999999999
South Korea,1851,10.621416666666667
South Korea,1852,10.772
South Korea,1853,11.123
South Korea,1854,11.693166666666668
South Korea,1855,11.951583333333332
South Korea,1856,11.455416666666666
South Korea,1857,11.457500000000001
South Korea,1858,11.564083333333334
South Korea,1859,11.514250000000002
South Korea,1860,10.744500000000002
South Korea,1861,10.998750000000001
South Korea,1862,10.833083333333333
South Korea,1863,11.603916666666668
South Korea,1864,11.127749999999999
South Korea,1865,11.438833333333333
South Korea,1866,11.194916666666666
South Korea,1867,11.72075
South Korea,1868,11.649833333333333
South Korea,1869,11.804
South Korea,1870,11.570666666666668
South Korea,1871,11.6925
South Korea,1872,11.452
South Korea,1873,10.971916666666667
South Korea,1874,11.654083333333332
South Korea,1875,11.496250000000002
South Korea,1876,11.765250000000002
South Korea,1877,11.674166666666666
South Korea,1878,11.46175
South Korea,1879,11.834833333333334
South Korea,1880,11.476666666666667
South Korea,1881,11.412916666666668
South Korea,1882,11.515416666666667
South Korea,1883,11.438666666666668
South Korea,1884,10.52625
South Korea,1885,11.03225
South Korea,1886,11.424416666666668
South Korea,1887,11.577333333333334
South Korea,1888,11.607833333333334
South Korea,1889,10.9835
South Korea,1890,12.571
South Korea,1891,11.532000000000002
South Korea,1892,11.034916666666668
South Korea,1893,10.955083333333334
South Korea,1894,12.697166666666666
South Korea,1895,11.285166666666667
South Korea,1896,11.510833333333332
South Korea,1897,11.522
South Korea,1898,12.554333333333334
South Korea,1899,12.072583333333334
South Korea,1900,11.592666666666666
South Korea,1901,11.296
South Korea,1902,11.809666666666667
South Korea,1903,11.74125
South Korea,1904,11.47525
South Korea,1905,11.739833333333332
South Korea,1906,11.218916666666667
South Korea,1907,11.6145
South Korea,1908,11.293333333333335
South Korea,1909,11.429499999999999
South Korea,1910,11.058083333333334
South Korea,1911,11.501916666666666
South Korea,1912,11.238
South Korea,1913,10.952916666666667
South Korea,1914,12.571916666666667
South Korea,1915,11.759583333333333
South Korea,1916,11.90375
South Korea,1917,10.802833333333334
South Korea,1918,11.240916666666665
South Korea,1919,11.763833333333332
South Korea,1920,12.074
South Korea,1921,11.533583333333334
South Korea,1922,11.926
South Korea,1923,11.432916666666666
South Korea,1924,11.572333333333335
South Korea,1925,11.442833333333333
South Korea,1926,11.322416666666667
South Korea,1927,11.697916666666666
South Korea,1928,11.735916666666666
South Korea,1929,11.942083333333334
South Korea,1930,12.2815
South Korea,1931,11.492333333333335
South Korea,1932,11.9425
South Korea,1933,11.69325
South Korea,1934,11.388083333333334
South Korea,1935,12.254166666666668
South Korea,1936,11.016916666666667
South Korea,1937,12.300166666666668
South Korea,1938,11.908333333333333
South Korea,1939,12.371916666666666
South Korea,1940,11.7795
South Korea,1941,11.903500000000001
South Korea,1942,11.9655
South Korea,1943,12.094083333333332
South Korea,1944,11.788833333333335
South Korea,1945,11.247083333333334
South Korea,1946,12.189583333333333
South Korea,1947,10.6495
South Korea,1948,12.395166666666668
South Korea,1949,12.057833333333333
South Korea,1950,12.339666666666666
South Korea,1951,12.228416666666666
South Korea,1952,11.979333333333335
South Korea,1953,12.156583333333332
South Korea,1954,12.255250000000002
South Korea,1955,12.391583333333335
South Korea,1956,11.127833333333333
South Korea,1957,11.399166666666666
South Korea,1958,12.25875
South Korea,1959,12.840333333333334
South Korea,1960,12.7395
South Korea,1961,12.879
South Korea,1962,12.083833333333333
South Korea,1963,11.488999999999999
South Korea,1964,12.588166666666668
South Korea,1965,11.752833333333333
South Korea,1966,12.02425
South Korea,1967,12.04625
South Korea,1968,11.956416666666668
South Korea,1969,11.448083333333335
South Korea,1970,11.71125
South Korea,1971,11.920416666666668
South Korea,1972,12.133833333333333
South Korea,1973,12.432416666666667
South Korea,1974,11.388333333333334
South Korea,1975,12.615
South Korea,1976,11.720166666666666
South Korea,1977,12.361333333333334
South Korea,1978,12.807833333333335
South Korea,1979,12.67575
South Korea,1980,11.263583333333335
South Korea,1981,11.47425
South Korea,1982,12.469833333333334
South Korea,1983,12.363999999999999
South Korea,1984,11.802583333333333
South Korea,1985,12.177166666666666
South Korea,1986,11.601916666666668
South Korea,1987,12.359250000000001
South Korea,1988,12.22625
South Korea,1989,12.951833333333333
South Korea,1990,13.2295
South Korea,1991,12.407916666666667
South Korea,1992,12.60375
South Korea,1993,11.971916666666667
South Korea,1994,13.480416666666665
South Korea,1995,12.32725
South Korea,1996,12.165
South Korea,1997,12.818833333333332
South Korea,1998,13.64925
South Korea,1999,13.033416666666668
South Korea,2000,12.575333333333333
South Korea,2001,12.842583333333335
South Korea,2002,12.817166666666667
South Korea,2003,12.646583333333334
South Korea,2004,13.365083333333333
South Korea,2005,12.356666666666667
South Korea,2006,12.903333333333334
South Korea,2007,13.292916666666665
South Korea,2008,13.027916666666668
South Korea,2009,12.949333333333334
South Korea,2010,12.63975
South Korea,2011,12.3635
South Korea,2012,12.391666666666666
South Korea,2013,15.298333333333334
Togo,1849,26.285583333333335
Togo,1850,26.193250000000003
Togo,1851,26.402083333333334
Togo,1852,26.403000000000002
Togo,1853,26.403000000000002
Togo,1854,26.403000000000002
Togo,1855,26.403000000000002
Togo,1856,27.145
Togo,1857,25.886750000000003
Togo,1858,26.074833333333334
Togo,1859,26.268833333333333
Togo,1860,26.366500000000002
Togo,1861,26.020750000000003
Togo,1862,27.701000000000004
Togo,1863,27.94
Togo,1864,27.94
Togo,1865,27.94
Togo,1866,27.94
Togo,1867,27.94
Togo,1868,27.94
Togo,1869,27.94
Togo,1870,27.94
Togo,1871,27.94
Togo,1872,27.94
Togo,1873,26.808916666666665
Togo,1874,26.470333333333333
Togo,1875,26.035500000000003
Togo,1876,25.97158333333333
Togo,1877,26.610166666666668
Togo,1878,26.64316666666667
Togo,1879,26.095166666666668
Togo,1880,26.49608333333333
Togo,1881,26.78625
Togo,1882,26.377916666666668
Togo,1883,26.80741666666667
Togo,1884,26.2655
Togo,1885,25.13325
Togo,1886,26.130916666666668
Togo,1887,25.54733333333333
Togo,1888,25.690250000000002
Togo,1889,25.820833333333336
Togo,1890,25.29216666666667
Togo,1891,25.67658333333333
Togo,1892,25.816083333333335
Togo,1893,26.038416666666667
Togo,1894,25.801333333333332
Togo,1895,26.25475
Togo,1896,26.104166666666668
Togo,1897,26.571250000000003
Togo,1898,26.086
Togo,1899,26.7345
Togo,1900,26.764333333333337
Togo,1901,26.620166666666666
Togo,1902,26.409833333333335
Togo,1903,25.955083333333334
Togo,1904,25.81325
Togo,1905,26.346166666666665
Togo,1906,26.619833333333336
Togo,1907,26.21666666666667
Togo,1908,26.49683333333333
Togo,1909,26.28108333333333
Togo,1910,26.350583333333333
Togo,1911,25.992
Togo,1912,26.589083333333335
Togo,1913,27.08575
Togo,1914,27.18375
Togo,1915,27.077333333333332
Togo,1916,26.751166666666666
Togo,1917,27.300916666666666
Togo,1918,26.778833333333335
Togo,1919,26.990916666666667
Togo,1920,26.938333333333333
Togo,1921,27.117333333333335
Togo,1922,27.037916666666664
Togo,1923,26.96741666666667
Togo,1924,27.114
Togo,1925,26.86725
Togo,1926,27.352166666666665
Togo,1927,26.932166666666664
Togo,1928,26.91
Togo,1929,26.814666666666668
Togo,1930,27.26991666666667
Togo,1931,27.299000000000003
Togo,1932,26.835250000000002
Togo,1933,27.16175
Togo,1934,27.080000000000002
Togo,1935,27.033833333333334
Togo,1936,26.923583333333337
Togo,1937,27.322083333333335
Togo,1938,27.268
Togo,1939,26.69241666666667
Togo,1940,27.287666666666667
Togo,1941,27.642
Togo,1942,27.305333333333333
Togo,1943,26.892833333333332
Togo,1944,27.334999999999997
Togo,1945,27.342416666666665
Togo,1946,27.087999999999997
Togo,1947,27.34175
Togo,1948,26.898750000000003
Togo,1949,27.3145
Togo,1950,26.941083333333335
Togo,1951,27.19725
Togo,1952,27.005666666666666
Togo,1953,26.902583333333336
Togo,1954,26.59566666666667
Togo,1955,26.556250000000002
Togo,1956,26.595916666666668
Togo,1957,26.816083333333335
Togo,1958,27.0215
Togo,1959,26.999
Togo,1960,26.9455
Togo,1961,26.783416666666668
Togo,1962,26.770833333333332
Togo,1963,27.032750000000004
Togo,1964,26.722083333333334
Togo,1965,26.796833333333336
Togo,1966,27.036083333333334
Togo,1967,26.703666666666667
Togo,1968,26.84841666666667
Togo,1969,27.234583333333333
Togo,1970,27.264166666666668
Togo,1971,26.770833333333332
Togo,1972,27.05633333333333
Togo,1973,27.561083333333332
Togo,1974,26.860583333333334
Togo,1975,26.71475
Togo,1976,26.570666666666668
Togo,1977,27.194666666666667
Togo,1978,26.948916666666666
Togo,1979,27.278333333333336
Togo,1980,27.265583333333336
Togo,1981,27.228166666666667
Togo,1982,26.987166666666667
Togo,1983,27.471999999999998
Togo,1984,27.294416666666667
Togo,1985,27.172916666666666
Togo,1986,27.032333333333337
Togo,1987,27.916833333333333
Togo,1988,27.353416666666664
Togo,1989,27.0725
Togo,1990,27.516833333333334
Togo,1991,27.056833333333334
Togo,1992,26.9755
Togo,1993,27.23675
Togo,1994,27.081666666666667
Togo,1995,27.311333333333334
Togo,1996,27.305833333333336
Togo,1997,27.22541666666667
Togo,1998,27.805583333333335
Togo,1999,27.280333333333335
Togo,2000,27.44241666666667
Togo,2001,27.4105
Togo,2002,27.497249999999998
Togo,2003,27.666749999999997
Togo,2004,27.53491666666667
Togo,2005,27.766666666666666
Togo,2006,27.768500000000003
Togo,2007,27.863833333333332
Togo,2008,27.464916666666667
Togo,2009,27.710333333333335
Togo,2010,28.059416666666667
Togo,2011,27.772000000000002
Togo,2012,27.419916666666666
Togo,2013,27.430555555555557
Vietnam,1825,23.61075
Vietnam,1826,19.511000000000006
Vietnam,1827,19.511000000000006
Vietnam,1828,19.511000000000006
Vietnam,1829,19.511000000000006
Vietnam,1830,19.511000000000006
Vietnam,1831,19.511000000000006
Vietnam,1832,19.511000000000006
Vietnam,1833,19.511000000000006
Vietnam,1834,19.511000000000006
Vietnam,1835,19.511000000000006
Vietnam,1836,19.511000000000006
Vietnam,1837,19.511000000000006
Vietnam,1838,19.511000000000006
Vietnam,1839,22.83941666666667
Vietnam,1840,23.14316666666667
Vietnam,1841,23.528499999999998
Vietnam,1842,23.334500000000002
Vietnam,1843,23.416083333333333
Vietnam,1844,22.9045
Vietnam,1845,22.553
Vietnam,1846,23.377166666666668
Vietnam,1847,22.903916666666664
Vietnam,1848,22.928583333333336
Vietnam,1849,23.105416666666667
Vietnam,1850,23.19841666666667
Vietnam,1851,23.35258333333333
Vietnam,1852,23.219333333333335
Vietnam,1853,23.50425
Vietnam,1854,23.497250000000005
Vietnam,1855,23.250833333333333
Vietnam,1856,22.919
Vietnam,1857,23.327333333333332
Vietnam,1858,23.288750000000004
Vietnam,1859,23.371166666666667
Vietnam,1860,23.21858333333333
Vietnam,1861,23.07975
Vietnam,1862,20.54491666666667
Vietnam,1863,23.095166666666668
Vietnam,1864,22.961333333333332
Vietnam,1865,23.46375
Vietnam,1866,23.368416666666665
Vietnam,1867,23.45075
Vietnam,1868,23.609416666666664
Vietnam,1869,23.2025
Vietnam,1870,23.23766666666667
Vietnam,1871,23.25375
Vietnam,1872,23.484416666666664
Vietnam,1873,23.439916666666665
Vietnam,1874,23.533416666666668
Vietnam,1875,23.125
Vietnam,1876,22.953166666666664
Vietnam,1877,23.57041666666667
Vietnam,1878,23.9055
Vietnam,1879,23.501166666666666
Vietnam,1880,23.193833333333334
Vietnam,1881,23.39408333333333
Vietnam,1882,23.33175
Vietnam,1883,23.058666666666667
Vietnam,1884,22.796499999999998
Vietnam,1885,23.191833333333335
Vietnam,1886,23.126416666666668
Vietnam,1887,23.017583333333334
Vietnam,1888,23.546000000000003
Vietnam,1889,23.61583333333333
Vietnam,1890,23.433166666666665
Vietnam,1891,23.495333333333335
Vietnam,1892,22.870500000000003
Vietnam,1893,22.840500000000002
Vietnam,1894,23.172
Vietnam,1895,23.440250000000002
Vietnam,1896,23.44525
Vietnam,1897,23.77333333333333
Vietnam,1898,23.465666666666667
Vietnam,1899,23.221333333333334
Vietnam,1900,23.517666666666667
Vietnam,1901,23.436916666666665
Vietnam,1902,23.84841666666667
Vietnam,1903,23.35891666666667
Vietnam,1904,23.31625
Vietnam,1905,23.575666666666667
Vietnam,1906,23.750666666666664
Vietnam,1907,23.380666666666666
Vietnam,1908,23.293000000000003
Vietnam,1909,23.622500000000002
Vietnam,1910,23.490916666666667
Vietnam,1911,23.796166666666664
Vietnam,1912,23.6675
Vietnam,1913,23.289666666666665
Vietnam,1914,23.98925
Vietnam,1915,23.93166666666667
Vietnam,1916,23.155333333333335
Vietnam,1917,22.96591666666667
Vietnam,1918,23.25391666666667
Vietnam,1919,23.909666666666666
Vietnam,1920,23.6855
Vietnam,1921,23.501833333333334
Vietnam,1922,23.733
Vietnam,1923,23.809916666666666
Vietnam,1924,23.754500000000004
Vietnam,1925,23.300166666666666
Vietnam,1926,23.728416666666664
Vietnam,1927,23.622416666666666
Vietnam,1928,23.55575
Vietnam,1929,23.541083333333333
Vietnam,1930,23.5725
Vietnam,1931,24.102083333333336
Vietnam,1932,23.37008333333333
Vietnam,1933,23.645583333333335
Vietnam,1934,23.283833333333334
Vietnam,1935,24.122249999999998
Vietnam,1936,23.6755
Vietnam,1937,24.144166666666667
Vietnam,1938,23.862916666666667
Vietnam,1939,23.789749999999998
Vietnam,1940,23.91025
Vietnam,1941,24.466583333333332
Vietnam,1942,24.077333333333332
Vietnam,1943,23.635166666666667
Vietnam,1944,23.937250000000002
Vietnam,1945,23.669583333333335
Vietnam,1946,24.63625
Vietnam,1947,24.050166666666666
Vietnam,1948,23.96366666666667
Vietnam,1949,24.04433333333333
Vietnam,1950,23.944833333333335
Vietnam,1951,23.86366666666667
Vietnam,1952,24.186833333333336
Vietnam,1953,24.2045
Vietnam,1954,24.029
Vietnam,1955,23.679583333333337
Vietnam,1956,23.66433333333333
Vietnam,1957,24.048916666666667
Vietnam,1958,24.075666666666667
Vietnam,1959,24.13225
Vietnam,1960,24.14408333333333
Vietnam,1961,24.09266666666667
Vietnam,1962,23.702333333333332
Vietnam,1963,23.757583333333333
Vietnam,1964,23.953666666666667
Vietnam,1965,24.099166666666665
Vietnam,1966,24.52133333333333
Vietnam,1967,23.638833333333334
Vietnam,1968,23.90341666666667
Vietnam,1969,24.200666666666667
Vietnam,1970,23.91725
Vietnam,1971,23.406000000000002
Vietnam,1972,24.025833333333335
Vietnam,1973,24.341250000000002
Vietnam,1974,23.76325
Vietnam,1975,23.987666666666666
Vietnam,1976,23.625833333333333
Vietnam,1977,23.814833333333336
Vietnam,1978,23.901750000000003
Vietnam,1979,24.170749999999998
Vietnam,1980,24.172166666666666
Vietnam,1981,24.178833333333333
Vietnam,1982,24.000666666666664
Vietnam,1983,23.945083333333333
Vietnam,1984,23.755666666666666
Vietnam,1985,23.887249999999998
Vietnam,1986,23.928833333333333
Vietnam,1987,24.600916666666667
Vietnam,1988,24.127499999999998
Vietnam,1989,23.886916666666668
Vietnam,1990,24.274083333333333
Vietnam,1991,24.2765
Vietnam,1992,23.851250000000004
Vietnam,1993,23.935666666666666
Vietnam,1994,24.15941666666667
Vietnam,1995,23.919
Vietnam,1996,23.749666666666666
Vietnam,1997,24.22266666666667
Vietnam,1998,24.899833333333333
Vietnam,1999,24.06641666666667
Vietnam,2000,23.981916666666667
Vietnam,2001,24.184916666666666
Vietnam,2002,24.39375
Vietnam,2003,24.49775
Vietnam,2004,24.056916666666666
Vietnam,2005,24.298000000000002
Vietnam,2006,24.523083333333332
Vietnam,2007,24.302166666666665
Vietnam,2008,23.784000000000002
Vietnam,2009,24.46558333333333
Vietnam,2010,24.833333333333332
Vietnam,2011,23.692583333333335
Vietnam,2012,24.704333333333334
Vietnam,2013,25.431444444444445
